{
  "Zc(3900)_mass": 3.8857,
  "Zc(3900)_width": 0.035,
  "Zc(3900)_theta0": 0.8971447142487141,
  "X(3915)(0-)_mass": 3.9197,
  "X(3915)(0-)_width": 0.06282,
  "chi(c2)(3930)_mass": 3.9272,
  "chi(c2)(3930)_width": 0.024,
  "X(3940)(1.)_mass": 3.942,
  "X(3940)(1.)_width": 0.037,
  "X(3993)_mass": 4.013,
  "X(3993)_width": 0.081,
  "X(3993)_theta0": 0.07906159433293136,
  "Psi(4040)_mass": 4.039,
  "Psi(4040)_width": 0.08,
  "chi(c1)(4140)_mass": 4.1468,
  "chi(c1)(4140)_width": 0.022,
  "chi(c1)(4140)_theta0": 0.014319425761222915,
  "Psi(4160)_mass": 4.191,
  "Psi(4160)_width": 0.07,
  "chi(c1)(4274)_mass": 4.306,
  "chi(c1)(4274)_width": 0.0372,
  "chi(c1)(4274)_theta0": 0.2509749703468236,
  "Psi(4415)_mass": 4.421,
  "Psi(4415)_width": 0.062,
  "X(4630)_mass": 4.626,
  "X(4630)_width": 0.174,
  "X(4700)_mass": 4.6951431,
  "X(4700)_width": 0.188561,
  "NR(0-)SPm_point_0r": 0.4359384950235876,
  "NR(0-)SPm_point_0i": 0.959414471921602,
  "NR(0-)SPm_point_1r": 0.21574401249436548,
  "NR(0-)SPm_point_1i": -2.4374386632677565,
  "NR(0-)SPm_point_2r": 1.042467988180309,
  "NR(0-)SPm_point_2i": -0.2847021611138594,
  "NR(0-)SPm_point_3r": 0.3030530187942726,
  "NR(0-)SPm_point_3i": -2.1142099492225928,
  "NR(0-)SPm_point_4r": 1.0,
  "NR(0-)SPm_point_4i": 0.0,
  "NR(0-)SPm_point_5r": 0.09155723280531003,
  "NR(0-)SPm_point_5i": -2.321444498201906,
  "NR(0-)SPm_point_6r": 1.3886286586725256,
  "NR(0-)SPm_point_6i": -0.4850537611566117,
  "NR(0-)SPm_point_7r": 0.5791016168047554,
  "NR(0-)SPm_point_7i": -2.698868840330502,
  "NR(0-)SPm_point_8r": 1.8501518681889113,
  "NR(0-)SPm_point_8i": 1.1256273860870492,
  "NR(0-)SPm_point_9r": 1.9945341701841741,
  "NR(0-)SPm_point_9i": -1.7909564801771092,
  "Bp->Zc(3900).KZc(3900)->Dst.DDst->D0.pi_total_0r": 1.0,
  "Bp->Zc(3900).KZc(3900)->Dst.DDst->D0.pi_total_0i": 0.0,
  "Bp->Zc(3900).K_g_ls_0r": 1.0,
  "Bp->Zc(3900).K_g_ls_0i": 0.0,
  "Zc(3900)->Dst.D_g_ls_0r": 1.0,
  "Zc(3900)->Dst.D_g_ls_0i": 0.0,
  "Zc(3900)->Dst.D_g_ls_1r": 1.0,
  "Zc(3900)->Dst.D_g_ls_1i": 2.189117808064153,
  "Dst->D0.pi_g_ls_0r": 1.0,
  "Dst->D0.pi_g_ls_0i": 0.0,
  "Bp->X(3915)(0-).KX(3915)(0-)->Dst.DDst->D0.pi_total_0r": 0.6891565289514872,
  "Bp->X(3915)(0-).KX(3915)(0-)->Dst.DDst->D0.pi_total_0i": -1.9092836487478322,
  "Bp->X(3915)(0-).K_g_ls_0r": 1.0,
  "Bp->X(3915)(0-).K_g_ls_0i": 0.0,
  "X(3915)(0-)->Dst.D_g_ls_0r": 1.0,
  "X(3915)(0-)->Dst.D_g_ls_0i": 0.0,
  "Bp->chi(c2)(3930).Kchi(c2)(3930)->Dst.DDst->D0.pi_total_0r": 1.9932579715467345,
  "Bp->chi(c2)(3930).Kchi(c2)(3930)->Dst.DDst->D0.pi_total_0i": -0.85096111782001,
  "Bp->chi(c2)(3930).K_g_ls_0r": 1.0,
  "Bp->chi(c2)(3930).K_g_ls_0i": 0.0,
  "chi(c2)(3930)->Dst.D_g_ls_0r": 1.0,
  "chi(c2)(3930)->Dst.D_g_ls_0i": 0.0,
  "Bp->X(3940)(1.).KX(3940)(1.)->Dst.DDst->D0.pi_total_0r": 1.5980874463950583,
  "Bp->X(3940)(1.).KX(3940)(1.)->Dst.DDst->D0.pi_total_0i": -1.77777275815712,
  "Bp->X(3940)(1.).K_g_ls_0r": 1.0,
  "Bp->X(3940)(1.).K_g_ls_0i": 0.0,
  "X(3940)(1.)->Dst.D_g_ls_0r": 1.0,
  "X(3940)(1.)->Dst.D_g_ls_0i": 0.0,
  "X(3940)(1.)->Dst.D_g_ls_1r": 0.5902317026165709,
  "X(3940)(1.)->Dst.D_g_ls_1i": 3.0248291639727967,
  "Bp->X(3993).KX(3993)->Dst.DDst->D0.pi_total_0r": 1.1724850242198306,
  "Bp->X(3993).KX(3993)->Dst.DDst->D0.pi_total_0i": 0.9529845632581413,
  "Bp->X(3993).K_g_ls_0r": 1.0,
  "Bp->X(3993).K_g_ls_0i": 0.0,
  "X(3993)->Dst.D_g_ls_0r": 1.0,
  "X(3993)->Dst.D_g_ls_0i": 0.0,
  "X(3993)->Dst.D_g_ls_1r": 1.0,
  "X(3993)->Dst.D_g_ls_1i": 3.007633008554503,
  "Bp->Psi(4040).KPsi(4040)->Dst.DDst->D0.pi_total_0r": 0.5496274328527688,
  "Bp->Psi(4040).KPsi(4040)->Dst.DDst->D0.pi_total_0i": 3.119228881751493,
  "Bp->Psi(4040).K_g_ls_0r": 1.0,
  "Bp->Psi(4040).K_g_ls_0i": 0.0,
  "Psi(4040)->Dst.D_g_ls_0r": 1.0,
  "Psi(4040)->Dst.D_g_ls_0i": 0.0,
  "Bp->chi(c1)(4140).Kchi(c1)(4140)->Dst.DDst->D0.pi_total_0r": 1.841744963464751,
  "Bp->chi(c1)(4140).Kchi(c1)(4140)->Dst.DDst->D0.pi_total_0i": 1.186761155911599,
  "Bp->chi(c1)(4140).K_g_ls_0r": 1.0,
  "Bp->chi(c1)(4140).K_g_ls_0i": 0.0,
  "chi(c1)(4140)->Dst.D_g_ls_0r": 1.0,
  "chi(c1)(4140)->Dst.D_g_ls_0i": 0.0,
  "chi(c1)(4140)->Dst.D_g_ls_1r": 1.0,
  "chi(c1)(4140)->Dst.D_g_ls_1i": -0.3838758503178603,
  "Bp->Psi(4160).KPsi(4160)->Dst.DDst->D0.pi_total_0r": 1.3783735317706105,
  "Bp->Psi(4160).KPsi(4160)->Dst.DDst->D0.pi_total_0i": 0.451522447920476,
  "Bp->Psi(4160).K_g_ls_0r": 1.0,
  "Bp->Psi(4160).K_g_ls_0i": 0.0,
  "Psi(4160)->Dst.D_g_ls_0r": 1.0,
  "Psi(4160)->Dst.D_g_ls_0i": 0.0,
  "Bp->chi(c1)(4274).Kchi(c1)(4274)->Dst.DDst->D0.pi_total_0r": 1.836036605273868,
  "Bp->chi(c1)(4274).Kchi(c1)(4274)->Dst.DDst->D0.pi_total_0i": 2.937721691782147,
  "Bp->chi(c1)(4274).K_g_ls_0r": 1.0,
  "Bp->chi(c1)(4274).K_g_ls_0i": 0.0,
  "chi(c1)(4274)->Dst.D_g_ls_0r": 1.0,
  "chi(c1)(4274)->Dst.D_g_ls_0i": 0.0,
  "chi(c1)(4274)->Dst.D_g_ls_1r": 1.0,
  "chi(c1)(4274)->Dst.D_g_ls_1i": -2.315479152922401,
  "Bp->Psi(4415).KPsi(4415)->Dst.DDst->D0.pi_total_0r": 0.7235924668740994,
  "Bp->Psi(4415).KPsi(4415)->Dst.DDst->D0.pi_total_0i": 0.8524456743677908,
  "Bp->Psi(4415).K_g_ls_0r": 1.0,
  "Bp->Psi(4415).K_g_ls_0i": 0.0,
  "Psi(4415)->Dst.D_g_ls_0r": 1.0,
  "Psi(4415)->Dst.D_g_ls_0i": 0.0,
  "Bp->X(4630).KX(4630)->Dst.DDst->D0.pi_total_0r": 0.3281325026126751,
  "Bp->X(4630).KX(4630)->Dst.DDst->D0.pi_total_0i": -1.916477522048375,
  "Bp->X(4630).K_g_ls_0r": 1.0,
  "Bp->X(4630).K_g_ls_0i": 0.0,
  "X(4630)->Dst.D_g_ls_0r": 1.0,
  "X(4630)->Dst.D_g_ls_0i": 0.0,
  "Bp->X(4700).KX(4700)->Dst.DDst->D0.pi_total_0r": 0.7068020953075003,
  "Bp->X(4700).KX(4700)->Dst.DDst->D0.pi_total_0i": 2.972211218452375,
  "Bp->X(4700).K_g_ls_0r": 1.0,
  "Bp->X(4700).K_g_ls_0i": 0.0,
  "X(4700)->Dst.D_g_ls_0r": 1.0,
  "X(4700)->Dst.D_g_ls_0i": 0.0,
  "Bp->NR(0-)SPm.KNR(0-)SPm->Dst.DDst->D0.pi_total_0r": 0.1504561242119835,
  "Bp->NR(0-)SPm.KNR(0-)SPm->Dst.DDst->D0.pi_total_0i": -2.4961658561374347,
  "Bp->NR(0-)SPm.K_g_ls_0r": 1.0,
  "Bp->NR(0-)SPm.K_g_ls_0i": 0.0,
  "NR(0-)SPm->Dst.D_g_ls_0r": 1.0,
  "NR(0-)SPm->Dst.D_g_ls_0i": 0.0
}